session_id,user_id
a47ea05f-68b6-4e84-8591-db9580d58ce6,301eb109-b1fb-45b2-aae2-929c0886d820
b582d088-0153-4f42-aa35-7a3f51c095b2,301eb109-b1fb-45b2-aae2-929c0886d820
a8654ddb-8aab-43e0-bef7-ae7ae88d2455,301eb109-b1fb-45b2-aae2-929c0886d820
1f07e906-ccd6-4fa9-940c-6a96db17102d,301eb109-b1fb-45b2-aae2-929c0886d820
6d6e4f11-d787-4253-8070-aa352d202ab4,301eb109-b1fb-45b2-aae2-929c0886d820
b6b97116-3304-4ab3-a6f4-551af5134ef6,513c6adf-7837-4d98-aff4-cfc1de9a1068
baafcfa3-0400-40e7-b2b1-a281f8c804b8,513c6adf-7837-4d98-aff4-cfc1de9a1068
549549ca-ece9-41aa-b3aa-c81b269c93ee,513c6adf-7837-4d98-aff4-cfc1de9a1068
1b0a97f4-5841-4dcc-8d2b-86e968f0131a,513c6adf-7837-4d98-aff4-cfc1de9a1068
d4cddff4-a301-4e79-b0a5-739a23d2e67e,849add86-83e4-4d63-b81c-81438a31cc34
f7b161ea-3f07-4a04-973f-8474d05c4485,849add86-83e4-4d63-b81c-81438a31cc34
4ce8d2ed-729b-4d86-8392-3e8645ca6b8b,849add86-83e4-4d63-b81c-81438a31cc34
f89c27b3-594e-4ec9-a557-18b86c95a38a,849add86-83e4-4d63-b81c-81438a31cc34
8f0fafc4-07e0-48b5-9109-510ae0fca67a,849add86-83e4-4d63-b81c-81438a31cc34
3297d0c0-df5b-4ab8-bb22-fa40e90bbaaf,98f3a20d-d5fb-4de7-ac64-36befd362cec
621265c8-9611-4417-907b-52231056ad4e,98f3a20d-d5fb-4de7-ac64-36befd362cec
28e8b529-a303-4bf3-afd0-559acc7aaa29,98f3a20d-d5fb-4de7-ac64-36befd362cec
771fdc39-f4b7-4961-831a-2a55630b63c4,98f3a20d-d5fb-4de7-ac64-36befd362cec
bc73c89a-8e69-4f11-be91-8809b1f45a4f,98f3a20d-d5fb-4de7-ac64-36befd362cec
67926c97-6abb-44b1-bca1-4cc8eb2c0217,c7186a80-9e05-4819-83f4-b19d16643823
560f9b9a-866a-4f59-9142-53b75987a8da,c7186a80-9e05-4819-83f4-b19d16643823
f24e8c00-53e8-4832-a213-244daf549d72,c7186a80-9e05-4819-83f4-b19d16643823
9d418d09-1a04-4446-b3f7-fdbeaa6f079e,c7186a80-9e05-4819-83f4-b19d16643823
79fbcfab-9696-4b8b-9406-ba90e093fe91,c7186a80-9e05-4819-83f4-b19d16643823
2162e293-37da-4a94-b1c7-fee9553c2c34,c7825901-6986-4455-8e12-2982e8fb69b2
c7c96262-c351-4f6d-9055-02f222cd526f,c7825901-6986-4455-8e12-2982e8fb69b2
a8a4eb15-397f-44ef-8241-f2070f5c4869,c7825901-6986-4455-8e12-2982e8fb69b2
9e971a8e-c2b6-40b9-ad09-ae54e3a956db,c7825901-6986-4455-8e12-2982e8fb69b2
6bb097af-ad3a-44cf-b3d8-5fcc7ae242b0,c7825901-6986-4455-8e12-2982e8fb69b2
475a5de5-8c49-4b87-96c7-2489db37bc55,eef90a36-6643-418b-90a3-9b9d918d9adf
edaa02d2-a6ec-4e50-a262-99b2f828c3da,eef90a36-6643-418b-90a3-9b9d918d9adf
652b54d6-bf5d-4f37-ae98-06be4dde76c2,eef90a36-6643-418b-90a3-9b9d918d9adf
542dbca7-d1b4-45a9-9683-3af1b036ad2e,eef90a36-6643-418b-90a3-9b9d918d9adf
e1c02564-2520-44d5-a801-9a17d283f6a6,fba9efa9-df1c-4bba-a81d-3d98fb8330a7
8667ce84-1a63-42c2-bf43-9832f0549637,fba9efa9-df1c-4bba-a81d-3d98fb8330a7
24e57021-94c9-4e88-a41e-866345ae46d2,fba9efa9-df1c-4bba-a81d-3d98fb8330a7
5ef06311-53c4-4a38-83a5-f778319a95a8,fba9efa9-df1c-4bba-a81d-3d98fb8330a7
eb8d6657-f041-4fed-86b4-4cdb0e652213,fba9efa9-df1c-4bba-a81d-3d98fb8330a7
c36b47a9-be28-4f7f-b795-79bdce94aa2e,1dec6f98-1792-47c5-8728-37626bc438fb
53eb4ee6-fccd-4ffd-b551-ca3d2b3f3f21,1dec6f98-1792-47c5-8728-37626bc438fb
ec35a7b3-0710-4436-8e7e-6fb8a99946a8,1dec6f98-1792-47c5-8728-37626bc438fb
8c6685c2-c56d-4872-a147-0a27c2338221,1dec6f98-1792-47c5-8728-37626bc438fb
43744809-5b7b-49df-9949-be5ebfafc781,1dec6f98-1792-47c5-8728-37626bc438fb
c5d3d2f3-406a-4e56-8c9e-06bb103e6ee5,1e6e3a87-2cb4-4a76-96c1-d7aebfaa7808
50bd0b03-15f0-4d14-b9f4-e8ab47890041,1e6e3a87-2cb4-4a76-96c1-d7aebfaa7808
181d455e-2306-4976-9a46-f290c5d1b569,1e6e3a87-2cb4-4a76-96c1-d7aebfaa7808
2a277c5a-65d2-42aa-adf4-be6fd42d4045,1e6e3a87-2cb4-4a76-96c1-d7aebfaa7808
eaec2c44-232d-4e44-a1c0-6d8216851910,1e6e3a87-2cb4-4a76-96c1-d7aebfaa7808
f2fc4292-5a3a-4f63-985c-0632f3c6634d,88ebe9b3-59ff-4273-a240-c1274705e361
0d7b1486-861f-4791-9c2c-4f5582717780,88ebe9b3-59ff-4273-a240-c1274705e361
6d71f8c3-4637-49b1-a2b4-7b4eea3e11fd,88ebe9b3-59ff-4273-a240-c1274705e361
40ad8c6e-68c5-4389-bf0f-d45133767a0a,88ebe9b3-59ff-4273-a240-c1274705e361
127a5dad-0489-4d0c-8734-3a6d8f6508c3,88ebe9b3-59ff-4273-a240-c1274705e361
18073593-db19-4dc9-a05b-cbb4f16badd7,c05b7e4d-2104-4078-997e-53e31c85f0de
aa013bea-d5e5-418e-aab4-f677821a7406,c05b7e4d-2104-4078-997e-53e31c85f0de
fa737fe2-e4d2-4b09-b7f9-42e722255f68,c05b7e4d-2104-4078-997e-53e31c85f0de
eb6d2b59-fb08-4560-843e-81c21816a9ee,c05b7e4d-2104-4078-997e-53e31c85f0de
54b45f5d-105d-4c27-b6e1-ed2da2d6a558,e2ec300d-bbd6-4d29-a7c8-505970601891
fdeb4520-8515-4448-8988-2087e38c7f6a,e2ec300d-bbd6-4d29-a7c8-505970601891
97fd6f14-9a1e-40e5-8db4-21d43678ad0a,e2ec300d-bbd6-4d29-a7c8-505970601891
8f4f41f8-23ec-4bda-aef5-7b8ad126599a,e2ec300d-bbd6-4d29-a7c8-505970601891
4b4eea51-2d84-4929-b441-8c6b68693356,c7186a80-9e05-4819-83f4-b19d16643823
11aaf409-d723-4825-b237-35f7e75cb67c,e98939a8-40b0-495c-8cbe-28be80244a13
6ca5dca0-c305-4cf5-aa3a-11ea4958b4bc,e98939a8-40b0-495c-8cbe-28be80244a13
635c3b72-cfdf-4458-b8f2-e78613acbd99,e98939a8-40b0-495c-8cbe-28be80244a13
e3feec49-13c4-4ed5-b8fd-2cba00977998,e98939a8-40b0-495c-8cbe-28be80244a13
53dab147-9d51-4a4f-9e0f-6ce45c89a3c2,39390015-0817-419e-a20b-e7326ac1bc1b
448400bf-054f-49f1-a5e6-745953523c24,39390015-0817-419e-a20b-e7326ac1bc1b
9a0c3e18-b46d-4099-9391-fd8d983b987c,39390015-0817-419e-a20b-e7326ac1bc1b
3b89a354-e0ea-4f48-8f47-211de8217a17,39390015-0817-419e-a20b-e7326ac1bc1b
27779cc0-5e34-4fbc-899a-87a90fc8b426,39390015-0817-419e-a20b-e7326ac1bc1b
62d2dbbe-d80b-4864-8e3e-c14a89498bf5,43b022a4-fc47-42db-9f62-889ddaee7754
6399e6ed-82d5-490c-9f8d-f3afebfca39d,43b022a4-fc47-42db-9f62-889ddaee7754
e9ef3b7d-ac86-45d7-bebc-abf795596a6f,43b022a4-fc47-42db-9f62-889ddaee7754
d8dee8b0-da01-45fd-987f-bafa8563f0a6,43b022a4-fc47-42db-9f62-889ddaee7754
c4924bdc-1c41-4c3c-8d8b-1cf0a6ce1ded,43b022a4-fc47-42db-9f62-889ddaee7754
fb0b9145-d845-4902-b330-3fc3cc549042,6ad303e2-e085-4695-8db7-c229e04c3f12
a4d01cb4-d834-484c-924b-dad70d524eef,6ad303e2-e085-4695-8db7-c229e04c3f12
63780728-3c7b-4683-8ec2-0f6c84f44196,6ad303e2-e085-4695-8db7-c229e04c3f12
d4e072ec-97d7-476c-b2d3-2011f5676575,6ad303e2-e085-4695-8db7-c229e04c3f12
e5bc623b-0ae1-41e7-bc25-7e3111f86f9b,6ad303e2-e085-4695-8db7-c229e04c3f12
3ca786fc-2591-4c67-8829-498939192c01,6d9e8ecf-66eb-4e02-a287-9fedda296947
b6184ecb-c93f-45af-aef6-4b28de160e40,6d9e8ecf-66eb-4e02-a287-9fedda296947
97a592b7-2725-4127-ad0c-b0358df8e00d,6d9e8ecf-66eb-4e02-a287-9fedda296947
2df4f05a-5778-4f97-8962-53628b3e6869,6d9e8ecf-66eb-4e02-a287-9fedda296947
57b87bd3-125b-4161-a39f-92a4a4f4a861,6d9e8ecf-66eb-4e02-a287-9fedda296947
384043ec-51ee-4f1f-b4ff-5aa207cdad87,ea6b88b1-d76a-4605-adfe-30b547fc5156
3708a2e8-e42a-42f9-bf7d-45be6b6fa72b,ea6b88b1-d76a-4605-adfe-30b547fc5156
fc781150-8119-4411-92d2-723cb1e1f526,ea6b88b1-d76a-4605-adfe-30b547fc5156
50231bf4-e3ac-408a-9ea9-51d67d117fdd,ea6b88b1-d76a-4605-adfe-30b547fc5156
09b6a173-50a8-48e6-8af5-4e4c4627bb16,ea6b88b1-d76a-4605-adfe-30b547fc5156
f2743c87-6198-4c3f-bd8c-527ff9b2e26e,f930cf60-379d-492a-a524-f9e3b4479c2e
517d1661-cef3-4969-9a10-a5fb012ebb34,f930cf60-379d-492a-a524-f9e3b4479c2e
f23904f1-5051-49ae-9bc7-0cb9a69c6e9c,f930cf60-379d-492a-a524-f9e3b4479c2e
bdbeb101-6aaa-4798-adbc-81da6056e436,f930cf60-379d-492a-a524-f9e3b4479c2e
55d5d13c-236c-4ece-95a3-c70df3cb528d,f930cf60-379d-492a-a524-f9e3b4479c2e
